PLID,VID,Length,Dim
1,1,6.75,0.400000005960464
2,2,6.75,0.400000005960464
3,3,6.75,0.400000005960464
4,4,6.75,0.400000005960464
